<?xml version="1.0" encoding="UTF-8"?>
<project-private xmlns="http://www.netbeans.org/ns/project-private/1">
    <editor-bookmarks xmlns="http://www.netbeans.org/ns/editor-bookmarks/2" lastBookmarkId="0"/>
    <open-files xmlns="http://www.netbeans.org/ns/projectui-open-files/2">
        <group>
            <file>file:/C:/Cursos/ProgramacionJava/Leccion09/ModificadoresAcceso/src/modificadoresacceso/ModificadoresAcceso.java</file>
            <file>file:/C:/Cursos/ProgramacionJava/Leccion09/ModificadoresAcceso/src/paquete1/Clase1.java</file>
            <file>file:/C:/Cursos/ProgramacionJava/Leccion09/ModificadoresAcceso/src/paquete1/Clase2.java</file>
            <file>file:/C:/Cursos/ProgramacionJava/Leccion09/ModificadoresAcceso/src/paquete2/Clase3.java</file>
            <file>file:/C:/Cursos/ProgramacionJava/Leccion09/ModificadoresAcceso/src/paquete2/Clase4.java</file>
        </group>
    </open-files>
</project-private>
